residue	rmsf
5.0	0.1729
12.0	0.27356624917600525
26.0	0.06723796967699407
45.0	0.0791034937376401
65.0	0.03625576796308502
84.0	0.08042188529993409
106.0	0.10613052076466713
120.0	0.15886618325642712
139.0	0.25774555042847724
158.0	0.27488464073829927
170.0	0.4634146341463415
182.0	0.28609096901779835
201.0	0.27027027027027023
213.0	0.20039551746868817
227.0	0.21423862887277523
249.0	0.1740276862228082
259.0	0.0817402768622281
278.0	0.07712590639419908
299.0	0.13645352669742916
311.0	0.10151615029663813
325.0	0.02636783124588005
345.0	0.10744891232696112
356.0	0.13381674357284112
372.0	0.13513513513513517
392.0	0.13117996044825314
399.0	0.10151615029663813
411.0	0.045484508899143065
430.0	0.12524719841793014
449.0	0.13315754779169414
460.0	0.1054713249835201
471.0	0.13315754779169414
493.0	0.14897824653922215
512.0	0.11470006591957811
522.0	0.14238628872775214
536.0	0.47462096242584045
548.0	0.956493078444298
563.0	1.0
577.0	0.7330257086354648
584.0	0.42122610415293343
606.0	0.19841793012524722
617.0	0.36783124588002636
639.0	0.23599208965062624
646.0	0.13843111404087013
666.0	0.19841793012524722
673.0	0.10613052076466713
693.0	0.04482531311799605
709.0	0.03427818061964406
726.0	0.0
746.0	0.13843111404087013
761.0	0.10613052076466713
776.0	0.1766644693473962
791.0	0.1707317073170732
798.0	0.09558338826631509
808.0	0.07646671061305207
818.0	0.15227422544495717
840.0	0.15359261700725116
855.0	0.09822017139090312
865.0	0.12656558998022413
884.0	0.21753460777851022
896.0	0.1858932102834542
906.0	0.11601845748187214
925.0	0.1067897165458141
939.0	0.2663150955833883
946.0	0.38233355306526035
963.0	0.3170731707317073
982.0	0.44693473961766644
1001.0	0.6301911667765326
1015.0	0.6776532630191165
1022.0	0.4087013843111404
1039.0	0.16150296638101522
1054.0	0.09162821357943311
1073.0	0.03955174686882003
1094.0	0.040210942649967045
1110.0	0.1944627554383652
1122.0	0.28081740276862227
