residue	rmsf
5.0	0.0913
22.0	0.21134492223238796
39.0	0.0
60.0	0.06678865507776763
82.0	0.07593778591033853
101.0	0.11710887465690759
120.0	0.17017383348581885
139.0	0.252516010978957
153.0	0.6413540713632205
160.0	0.8819762122598354
182.0	1.0
196.0	0.8316559926806955
215.0	0.40896614821591953
237.0	0.6523330283623057
244.0	0.3906678865507777
259.0	0.2470265324794145
273.0	0.15919487648673375
287.0	0.1957913998170174
301.0	0.19121683440073195
316.0	0.22140896614821592
326.0	0.423604757548033
342.0	0.21957913998170175
354.0	0.13998170173833488
364.0	0.17566331198536142
374.0	0.161024702653248
388.0	0.06678865507776763
398.0	0.11710887465690759
413.0	0.21225983531564502
435.0	0.15645013723696252
451.0	0.06404391582799633
471.0	0.16193961573650503
493.0	0.24245196706312905
510.0	0.20494053064958834
531.0	0.22781335773101555
541.0	0.3202195791399817
555.0	0.384263494967978
567.0	0.423604757548033
581.0	0.3934126258005489
588.0	0.32113449222323887
604.0	0.534309240622141
616.0	0.3064958828911254
623.0	0.17932296431838976
638.0	0.09057639524245197
662.0	0.10155535224153704
676.0	0.07593778591033853
697.0	0.11253430924062213
709.0	0.20311070448307417
721.0	0.31015553522415373
731.0	0.24794144556267156
745.0	0.09240622140896619
767.0	0.03751143641354071
781.0	0.0045745654162854575
801.0	0.0521500457456542
815.0	0.08417200365965234
831.0	0.140896614821592
845.0	0.31198536139066796
